n,timeMs,comparisons,allocations,depth
100,16.05982,124,0,71
500,40.554474,561,0,487
1000,49.490298,1128,0,975
2000,27.349341,2257,0,1951
5000,86.344667,6434,0,4095
